I"	<h2 id="principal-investigator">Principal Investigator</h2>

<p><a href="/publications"><span>Kevan Shokat</span></a></p>

<h3 id="administrative-coordinator">Administrative Coordinator</h3>

<p><a href="/delaney"><span>Delaney Lynch (joined the lab in 2013)</span></a></p>

<h3 id="clinical-researchers">Clinical Researchers:</h3>

<p><a href="/chorba"><span>John Chorba, M.D.(joined the lab in 2011)</span></a></p>

<h3 id="students">Students</h3>

<p><a href="/nnadi"><span>Chimno Nnadi (joined lab in 2014)</span></a></p>

<p><a href="/lou"><span>Kevin Lou (joined lab in 2016)</span></a></p>

<p><a href="/shizhong"><span>Shizhong (Albert) Dai (joined lab in 2017)</span></a></p>

<p><a href="/wassarman"><span>Doug Wassarman (joined in 2017)</span></a></p>

<p><a href="/zhu"><span>Lawrence Zhu (joined in 2018)</span></a></p>

<p><a href="/stevenson"><span>Jack Stevenson (joined in 2018)</span></a></p>

<p><a href="/moore"><span>Megan Moore (joined in 2018)</span></a></p>

<p><a href="/gonzalez"><span>Eric Gonzalez (joined in 2018)</span></a></p>

<h3 id="postdocs">Postdocs</h3>

<p><a href="/zhang"><span>Ziyang Zhang (joined lab in 2016)</span></a></p>

<p><a href="/melnyk"><span>Jim Melnyk (joined lab in 2017)</span></a></p>

<p><a href="/shi"><span>Ying Shi (joined lab in 2018)</span></a></p>

<p><a href="/peacock"><span>Matthew Peacock (joined lab in 2018)</span></a></p>

<p><a href="/keelan"><span>Keelan Guiley (joined lab in 2018)</span></a></p>

<p><a href="/kirby"><span>Ilsa Kirby (joined lab in 2019)</span></a></p>
:ET